text,true_label,predicted_label,confidence_score
"nymex invitation - learn power trading power trading
fundamentals :
sept 15 - 16 nymex in nyc
early bird discount now in effect !
nymex
power
delegates will learn :
electricity
markets overview
simulated
trading exercise
market
factors
basic
trading tools
new
york mercantile exchange
financial
instruments options
real
options
role
of risk management
identifying
different types of risk
position
analysis
portfolio
management
click
here to request complete course syllabus
contractual
terms , operational terms
terminology
trading
motivations of different physical electricity market participants .
buy
low - sell high
varied
traded assets
types
of electricity transactions
long - term ,
medium
and short - term contracts
transmission
services and traded power
this two - day course provides participants with
comprehensive training on power trading , deal structuring , credit risk ,
volatility , risk management , bilateral opportunities and more .
emi experts instruct using current data ,
real life examples , and practical experience !
contact
emi ( 888 ) 871 - 1207
click
here to request more information including syllabus
hurry class sizes
are limited !
click
here to see other energy training opportunities
registration
visit us online
www . energyinstitution . org
1369 madison ave , new york , ny 10128
to unsubscribe to future notices please email unsubscribe @ energyinstitution . org",1,0,0.9509102905883641
"nymex invitation - learn power trading power trading
fundamentals :
sept 15 - 16 nymex in nyc
early bird discount now in effect !
nymex
power
delegates will learn :
electricity
markets overview
simulated
trading exercise
market
factors
basic
trading tools
new
york mercantile exchange
financial
instruments options
real
options
role
of risk management
identifying
different types of risk
position
analysis
portfolio
management
click
here to request complete course syllabus
contractual
terms , operational terms
terminology
trading
motivations of different physical electricity market participants .
buy
low - sell high
varied
traded assets
types
of electricity transactions
long - term ,
medium
and short - term contracts
transmission
services and traded power
this two - day course provides participants with
comprehensive training on power trading , deal structuring , credit risk ,
volatility , risk management , bilateral opportunities and more .
emi experts instruct using current data ,
real life examples , and practical experience !
contact
emi ( 888 ) 871 - 1207
click
here to request more information including syllabus
hurry class sizes
are limited !
click
here to see other energy training opportunities
registration
visit us online
www . energyinstitution . org
1369 madison ave , new york , ny 10128
to unsubscribe to future notices please email unsubscribe @ energyinstitution . org",1,0,0.9509102905883641
"new email yo bro . this is my new email address . save it .
aggie _ chico 2 @ hotmail . com .
love you , lacy
get your private , free email at http : / / www . hotmail . com",0,1,0.9242077539459319
"can ' t please everyone thought you might enjoy this .
an old man , a boy and a donkey were going to town . the
boy rode on the donkey and the old man walked . as they
went along they passed some people who remarked it was
a shame the old man was walking and the boy was riding .
the man and boy thought maybe the critics were right ,
so they changed positions .
later , they passed some people that remarked , "" what a
shame , he makes that little boy walk "" . they then decided
they both would walk . soon they passed some more people
who thought they were stupid to walk when they had a
decent donkey to ride . so , they both rode the donkey .
now they passed some people that shamed them by saying
how awful to put such a load on a poor donkey . the boy
and man said they were probably right , so they decided
to carry the donkey . as they crossed the bridge , they
lost their grip on the animal and he fell into the river
and drowned .
the moral of the story ?
if you try to please everyone , you might as well kiss
your ass good - bye !",0,1,0.9060911488276266
"get a $ 25 certificate just for responding to this e - mail introducing e - rewards ( tm ) - - click here
and get a valuable welcome gift , free !
compaq is proud to invite you to join e - rewards - - a new
rewards program that pays you to read e - mail . we have
joined with blockbuster inc . , delta air lines , hertz ,
united airlines and vail resorts ( tm ) to launch this
exciting new program . and , membership is by invitation
only .
membership is free and you get a valuable welcome gift !
enjoy a valuable welcome gift of your choice from one
of our sponsors . it ' s yours as a special thank you when
you join .
how e - rewards works
simply tell e - rewards how many e - mails you  ' re willing
to receive and what kind of advertising you  ' re interested
in . they  ' ll send you e - mail that  ' s relevant to you .
valuable rewards , including compaq savings
for each e - rewards e - mail you receive , you can earn up to
$ 1 in e - rewards . redeem your earnings for great rewards
from e - rewards ' sponsors - - compaq , blockbuster ( r ) ,
delta air lines , hertz , united airlines and vail resorts .
with more on the way ! remember , no purchase is necessary
to earn e - rewards . it ' s free . no obligation . you can
opt out at any time ! and , your privacy is guaranteed .
to enroll and claim your valuable welcome gift , just
follow this link :
or copy the url into your browser navigation window .
offer expires may 17 , 2000 .
if you wish to unsubscribe from receiving offers of this
kind , please forward this message to :
and type "" unsubscribe "" in the subject line .
blockbuster name , design and related marks are trademarks
of blockbuster inc . ( c ) 2000 , blockbuster inc . all rights
reserved .",0,1,0.9041335255947494
"i ' m out bill - i ' m in copenhagen awaiting a plane and am in
the sas lounge .
took a shower and changed for the next flight .
sweating like a bastard .
saw the timbers won last night . great . should make
the playoffs playing that good soccer .
i have no phone ( at & t did not deliver ) . and no
computer .
if you need to mail me - send it to :
wjwjr 99 @ yahoo . com
i ' ll check here before i fly out again .
don ' t burn out on your birthday until i get home .
do you yahoo ! ?
make international calls for as low as $ . 04 / minute with yahoo ! messenger
http : / / phonecard . yahoo . com /",0,1,0.8925588415649665
re : buzzwords also please search for the name dwayne hart .,0,1,0.8594867611877194
si is back up si is back up in folsom,0,1,0.7643443674712158
"invitation to dinner music can be started by clicking on the sound icon .
to stop music , right click and end show : ) heather",0,1,0.7536823733663167
marketers we are dropping a lot of marketers . it would be nice to keep 1 or 2 .,0,1,0.7056734988372395
"happy friday from hr ! ( cookies ) hr is wishing you a happy friday !
we ' ve got some little treats by our desk area . . .
stop by to say "" hello "" ( and grab a chipper ) !",0,1,0.6992516554567322
re : willis phillips willis is an manager candidate,0,1,0.6671451521254346
"spring savings certificate - take 30 % off save 30 % when you use our customer appreciation spring savings
certificate at foot locker , lady foot locker , kids foot locker and at
our online stores !
welcome to our customer appreciation spring savings certificate !
use the special certificate below and receive 30 % off your purchases either in our stores or online . hurry ! this 4 - day sale begins thursday , march 22 and ends sunday , march 25 .
share the savings today and e - mail this offer to your friends . many items already are reduced and the 30 % discount is taken off the lowest sale price .
click below to print your customer appreciation spring savings certificate . you must present this coupon at any foot locker , lady foot locker or kids foot locker store in the u . s . foot locker canada is not participating in this program .
ready , set , save !
our spring savings discount will automatically appear when you use the links below or type camlem 21 into the promotion code box during checkout .
footlocker . com certificate code : camlem 21
ladyfootlocker . com certificate code : camlem 21
kidsfootlocker . com certificate code : camlem 21
remember , returns are hassle - free . simply bring your items to any of our stores nationwide or through the mail .
don ' t be left out - register today to learn about our new products , promotions , events and other specials . simply click below .
terms and conditions . some exclusions apply , please see manager for complete details . certificate must be presented at the time of purchase and cannot be used in conjunction with any other discount offer or associate benefit . not redeemable for cash . applicable taxes must be paid by bearer . cannot be applied to prior purchases or to gift card purchases . void where prohibited , licensed or regulated . catalog exclusions apply . valid thursday , 3 / 22 / 01 through sunday , 3 / 25 / 01 . foot locker canada will not participate in this program .
if you do not wish to receive future emails please click below to
unsubscribe :",0,1,0.6512234757910059
ben i need you to sell the canadian turbines . call me . lavo,0,1,0.6259755719277428
kathy crane ' s # @ wapa is : 970 - 240 - 6206,0,1,0.59901711024987
good question ( s ) i can answer some of these,0,1,0.5922277711586489
mirant and koch arent selling physical,0,1,0.5863504332717722
"today ' s meeting went very well . lots of positive vibes afterwards and goodwill towards both of you . people most appreciated executives admitting to the fact that things were wrong and they were frustrated too , but everyone needs to get over it . big change from past history of blaming everyone but ourselves and just glossing over the real problems and making them sound better . . . .
- r
side note : jl uses the word "" i "" a bit too much .",0,1,0.5665257014145737
"today ' s meeting went very well . lots of positive vibes afterwards and goodwill towards both of you . people most appreciated executives admitting to the fact that things were wrong and they were frustrated too , but everyone needs to get over it . big change from past history of blaming everyone but ourselves and just glossing over the real problems and making them sound better . . . .
- r
side note : jl uses the word "" i "" a bit too much .",0,1,0.5665257014145737
re : introduction i would be very happy to participate . thank you for thinking of us .,0,1,0.5528266570146726
"red rock docket # the docket number for the red rock expansion application is cpol - 115 , in case any of your shippers ask .",0,1,0.5509585543387077
"contact info . during my vacation cell : 011 - 91 - 984 - 9022360 ( try this first )
hyderabad : 011 - 91 - 40 - 7114833
vijayawada : 011 - 91 - 866 - 430928 ( dec 28 - jan 8 )
bombay office : 011 - 91 - 982 - 1038711
also , i will be checking my email regularly ( as long as i can get the
connected ) . have a great christmas and holidays . i will see you all in the
new year !
best wishes
krishna .",0,1,0.5476443915573509
fw :,1,0,0.5340678395236522
"grant , would you take a look at the following correlation matrix ? does it make sense ?
ps : this is an updated correlation matrix with gold and silver correlations .
i used bloomberg ' s generic closest month gold and silver contract prices for
the correlation analysis .",0,1,0.5140987344395352
addendum to angelique woods . . . . . . . and i will be her supervisor .,0,1,0.5041503365024302
